cluster,source,target,weight
0,sorcière,vieille,0.9722357988357544
0,sorcière,tête,0.9705504179000854
0,sorcière,belle,0.9680493474006653
0,sorcière,épouse,0.9642258286476135
0,sorcière,cachée,0.9616177678108215
0,sorcière,fleur,0.960854172706604
0,sorcière,osborne,0.9592139720916748
0,sorcière,mari,0.9587928056716919
0,sorcière,dame,0.9567100405693054
0,sorcière,fils,0.9565826058387756
0,sorcière,beau,0.9557245969772339
0,sorcière,venait,0.9552470445632935
0,sorcière,bête,0.9552101492881775
0,sorcière,blanche,0.9545952081680298
0,sorcière,allait,0.9528561234474182
0,sorcière,caroline,0.9523783922195435
0,sorcière,visage,0.9522731304168701
0,sorcière,fit,0.9512032270431519
0,sorcière,fille,0.9508519172668457
0,sorcière,charmante,0.9498641490936279
1,sorcière,aimée,0.9850894212722778
1,sorcière,sports,0.9475209712982178
1,sorcière,colorix,0.9431532621383667
1,sorcière,animaux,0.9387149214744568
1,sorcière,police,0.9342330098152161
1,sorcière,heures,0.9314013719558716
1,sorcière,cirque,0.9265727996826172
1,sorcière,métiers,0.9258201122283936
1,sorcière,parle,0.9249650835990906
1,sorcière,jours,0.9247686266899109
1,sorcière,lire,0.9228925108909607
1,sorcière,bill,0.9219878315925598
1,sorcière,américain,0.9217643141746521
1,sorcière,cher,0.9217432737350464
1,sorcière,aventures,0.921553909778595
1,sorcière,mot,0.9201623201370239
1,sorcière,reportage,0.919312596321106
1,sorcière,vert,0.9190199375152588
1,sorcière,moi,0.9189009070396423
1,sorcière,apollo,0.9185095429420471
2,sorcière,blanche,0.9869164228439331
2,sorcière,fille,0.9831979274749756
2,sorcière,stockel,0.9763580560684204
2,sorcière,sch,0.9754234552383423
2,sorcière,monty,0.973615288734436
2,sorcière,nova,0.9723153710365295
2,sorcière,noir,0.9722058176994324
2,sorcière,pax,0.9719139337539673
2,sorcière,elite,0.9705323576927185
2,sorcière,centra,0.970445990562439
2,sorcière,prince,0.9701546430587769
2,sorcière,ouest,0.9694799184799194
2,sorcière,ville,0.9693124294281006
2,sorcière,vaillance,0.9691277146339417
2,sorcière,capitaine,0.9684842824935913
2,sorcière,floreal,0.9678704738616943
2,sorcière,can,0.9664007425308228
2,sorcière,secret,0.9657114148139954
2,sorcière,luxor,0.9648160338401794
2,sorcière,loi,0.9646098017692566
3,sorcière,épouse,0.9810715317726135
3,sorcière,ville,0.9754079580307007
3,sorcière,jolie,0.9751610159873962
3,sorcière,petite,0.9728805422782898
3,sorcière,belle,0.9728571772575378
3,sorcière,figure,0.9693573713302612
3,sorcière,médecin,0.9688126444816589
3,sorcière,frère,0.967655599117279
3,sorcière,vieille,0.9666864275932312
3,sorcière,joue,0.966328501701355
3,sorcière,lettre,0.9660294651985168
3,sorcière,marié,0.9630798101425171
3,sorcière,éprend,0.9622414112091064
3,sorcière,rôle,0.9620392322540283
3,sorcière,fit,0.9614070057868958
3,sorcière,élève,0.9614061713218689
3,sorcière,née,0.9612294435501099
3,sorcière,amie,0.9610947370529175
3,sorcière,amant,0.9601871371269226
3,sorcière,américaine,0.9595988988876343
4,sorcière,aimée,0.9842188954353333
4,sorcière,comte,0.9835245609283447
4,sorcière,conduire,0.9807136654853821
4,sorcière,venez,0.9789325594902039
4,sorcière,réponses,0.9788755774497986
4,sorcière,séquence,0.9787852764129639
4,sorcière,dernière,0.9778648614883423
4,sorcière,dejeuner,0.9758321046829224
4,sorcière,parole,0.9753283262252808
4,sorcière,lire,0.9745665788650513
4,sorcière,point,0.9745648503303528
4,sorcière,agence,0.973930835723877
4,sorcière,écran,0.9729557037353516
4,sorcière,arrivée,0.9729503989219666
4,sorcière,yoster,0.9727915525436401
4,sorcière,équipe,0.9726699590682983
4,sorcière,intéressera,0.9722549319267273
4,sorcière,visite,0.9722334146499634
4,sorcière,permis,0.9722061157226562
4,sorcière,chevaliers,0.9717310667037964
5,sorcière,jolie,0.9804359078407288
5,sorcière,joue,0.9792765378952026
5,sorcière,belle,0.9784395098686218
5,sorcière,épouse,0.9717912673950195
5,sorcière,vedette,0.9695940017700195
5,sorcière,personnage,0.9683407545089722
5,sorcière,vieille,0.9672973155975342
5,sorcière,dramatique,0.9643995761871338
5,sorcière,beau,0.9639737606048584
5,sorcière,idée,0.9639066457748413
5,sorcière,figure,0.9627196192741394
5,sorcière,acteur,0.9611651301383972
5,sorcière,mari,0.9596163630485535
5,sorcière,artiste,0.9581959843635559
5,sorcière,celle,0.9581738114356995
5,sorcière,victime,0.9569354057312012
5,sorcière,riche,0.9564449191093445
5,sorcière,frère,0.9563494324684143
5,sorcière,principal,0.9562768936157227
5,sorcière,importante,0.9551478028297424
0,sorcellerie,débordé,0.9965275526046753
0,sorcellerie,accompagnent,0.9961714148521423
0,sorcellerie,drôles,0.9961588978767395
0,sorcellerie,précédents,0.9959680438041687
0,sorcellerie,excellents,0.9959288239479065
0,sorcellerie,aymon,0.9958550333976746
0,sorcellerie,fortes,0.9957563877105713
0,sorcellerie,flammes,0.995722770690918
0,sorcellerie,tirèrent,0.9957056045532227
0,sorcellerie,oriental,0.9956950545310974
0,sorcellerie,pardessus,0.9956890344619751
0,sorcellerie,tuent,0.9956608414649963
0,sorcellerie,prendront,0.9956033825874329
0,sorcellerie,surprises,0.9955835342407227
0,sorcellerie,rail,0.9955794215202332
0,sorcellerie,prédécesseurs,0.9955487847328186
0,sorcellerie,parts,0.9955319166183472
0,sorcellerie,fantômes,0.9955082535743713
0,sorcellerie,portugais,0.9954890608787537
0,sorcellerie,tenaient,0.9954878687858582
3,sorcellerie,oet,0.997969388961792
3,sorcellerie,intense,0.9976993203163147
3,sorcellerie,percer,0.997649610042572
3,sorcellerie,domine,0.9974015951156616
3,sorcellerie,islam,0.9973030090332031
3,sorcellerie,manuela,0.9972981214523315
3,sorcellerie,indépendant,0.9972918033599854
3,sorcellerie,mesurée,0.9972622990608215
3,sorcellerie,financier,0.9972536563873291
3,sorcellerie,proprement,0.997186005115509
3,sorcellerie,singulièrement,0.997149646282196
3,sorcellerie,précédent,0.9971486926078796
3,sorcellerie,conventionnel,0.9971414804458618
3,sorcellerie,impasse,0.9971404671669006
3,sorcellerie,échanges,0.9971363544464111
3,sorcellerie,infiniment,0.9970625638961792
3,sorcellerie,poing,0.997054934501648
3,sorcellerie,bénéfice,0.9970417618751526
3,sorcellerie,tuera,0.9970366954803467
3,sorcellerie,lointain,0.9970309138298035
5,sorcellerie,baptisé,0.9978667497634888
5,sorcellerie,troublant,0.9978647232055664
5,sorcellerie,strebelle,0.9976739287376404
5,sorcellerie,délibérément,0.9975824356079102
5,sorcellerie,ser,0.9975584149360657
5,sorcellerie,menaçant,0.9975353479385376
5,sorcellerie,dynamisme,0.9975321888923645
5,sorcellerie,morny,0.9975307583808899
5,sorcellerie,colette,0.9974784255027771
5,sorcellerie,marxiste,0.9974638223648071
5,sorcellerie,arrestation,0.997451901435852
5,sorcellerie,berceau,0.9974488615989685
5,sorcellerie,marteau,0.9974488019943237
5,sorcellerie,féerique,0.9974380135536194
5,sorcellerie,auxquelles,0.9974356293678284
5,sorcellerie,subit,0.9974216818809509
5,sorcellerie,accompagnement,0.9974194169044495
5,sorcellerie,sacre,0.9974194169044495
5,sorcellerie,emprunta,0.9973962306976318
5,sorcellerie,culminant,0.9973920583724976
0,femme,fille,0.9641416072845459
0,femme,sorcière,0.9497498869895935
0,femme,mari,0.9448420405387878
0,femme,petite,0.9376046657562256
0,femme,père,0.932592511177063
0,femme,fils,0.9306766390800476
0,femme,épouse,0.9296550154685974
0,femme,fit,0.9288936257362366
0,femme,vieille,0.9281603693962097
0,femme,tête,0.9258827567100525
0,femme,jeune,0.9246799945831299
0,femme,fleur,0.9198964834213257
0,femme,petit,0.9180163145065308
0,femme,dame,0.9096707701683044
0,femme,frère,0.9046484231948853
0,femme,belle,0.8996652364730835
0,femme,garçon,0.8983148336410522
0,femme,visage,0.8981271386146545
0,femme,faisait,0.8962609171867371
0,femme,allait,0.8961320519447327
1,femme,vacances,0.9665804505348206
1,femme,venez,0.9552497863769531
1,femme,citadelle,0.9525213241577148
1,femme,journal,0.9489396810531616
1,femme,chez,0.9237838387489319
1,femme,famille,0.9209201335906982
1,femme,questions,0.9188393354415894
1,femme,réponses,0.9025829434394836
1,femme,donc,0.902485191822052
1,femme,ohé,0.9023222327232361
1,femme,liège,0.8960440754890442
1,femme,école,0.8955239057540894
1,femme,hainaut,0.8856585025787354
1,femme,projecteur,0.8854617476463318
1,femme,lit,0.8786951899528503
1,femme,aimer,0.8752889633178711
1,femme,buissonnière,0.8736584782600403
1,femme,saut,0.8665561079978943
1,femme,séquence,0.8647227883338928
1,femme,lettoriere,0.8628284931182861
2,femme,jeune,0.9753825068473816
2,femme,tant,0.9685806035995483
2,femme,trop,0.9635909795761108
2,femme,savait,0.9628167152404785
2,femme,temps,0.9592649936676025
2,femme,histoire,0.9588753581047058
2,femme,dieu,0.958398699760437
2,femme,hommes,0.9566773772239685
2,femme,contre,0.9553141593933105
2,femme,ombre,0.9549617767333984
2,femme,jamais,0.9549524784088135
2,femme,entoure,0.9546778798103333
2,femme,cœur,0.9546190500259399
2,femme,gai,0.9544438123703003
2,femme,mort,0.9542772769927979
2,femme,tard,0.9542616009712219
2,femme,passage,0.9538357853889465
2,femme,avia,0.9531180262565613
2,femme,caruso,0.9524251818656921
2,femme,birgel,0.9516526460647583
3,femme,mère,0.9584718346595764
3,femme,fille,0.9551466107368469
3,femme,sorcière,0.9419237375259399
3,femme,fils,0.9417622685432434
3,femme,père,0.9414207935333252
3,femme,mari,0.9412109851837158
3,femme,enfant,0.9359924793243408
3,femme,mort,0.9103475213050842
3,femme,solitude,0.9102379083633423
3,femme,jolie,0.9100239872932434
3,femme,vieille,0.9092864990234375
3,femme,belle,0.9089210033416748
3,femme,petite,0.9075915813446045
3,femme,médecin,0.9074543714523315
3,femme,élève,0.9072865843772888
3,femme,américaine,0.9057453870773315
3,femme,garçon,0.904441773891449
3,femme,amie,0.9040858745574951
3,femme,frère,0.9039039611816406
3,femme,enfance,0.9037697315216064
4,femme,journal,0.9254431128501892
4,femme,vacances,0.9247914552688599
4,femme,midi,0.9237034320831299
4,femme,après,0.9227321147918701
4,femme,aimer,0.9004420042037964
4,femme,liège,0.8966653347015381
4,femme,lit,0.8747711777687073
4,femme,actualité,0.8700637221336365
4,femme,spécial,0.8661947250366211
4,femme,saut,0.8632697463035583
4,femme,famille,0.8555435538291931
4,femme,libre,0.8461182117462158
4,femme,centre,0.8375636339187622
4,femme,déjeuner,0.8372982144355774
4,femme,école,0.8349751234054565
4,femme,parlé,0.8320374488830566
4,femme,formule,0.8262093663215637
4,femme,heure,0.823736310005188
4,femme,buissonnière,0.8180736899375916
4,femme,sorcière,0.8172406554222107
5,femme,sorcière,0.9485200643539429
5,femme,fille,0.9446374177932739
5,femme,petite,0.9360724091529846
5,femme,jeune,0.9325745105743408
5,femme,bonne,0.9325128793716431
5,femme,jolie,0.9321977496147156
5,femme,belle,0.9300945401191711
5,femme,personnage,0.9203489422798157
5,femme,homme,0.9201361536979675
5,femme,mère,0.920133113861084
5,femme,vieille,0.9178683757781982
5,femme,idée,0.9148361086845398
5,femme,beau,0.9096735715866089
5,femme,voix,0.908666729927063
5,femme,quelle,0.9079744219779968
5,femme,vedette,0.906913161277771
5,femme,épouse,0.9067606329917908
5,femme,toute,0.9066326022148132
5,femme,enfant,0.9042810201644897
5,femme,donne,0.9036362171173096
0,procès,partir,0.9717462062835693
0,procès,italie,0.9680442810058594
0,procès,reprise,0.9668158888816833
0,procès,tribunal,0.9664190411567688
0,procès,fête,0.9659803509712219
0,procès,semaine,0.9659035801887512
0,procès,lors,0.9653875827789307
0,procès,floraison,0.9650636911392212
0,procès,termina,0.9644431471824646
0,procès,prochaine,0.9639339447021484
0,procès,parcouru,0.9629878401756287
0,procès,domicile,0.9624876976013184
0,procès,terminée,0.9623966813087463
0,procès,vint,0.9622399210929871
0,procès,campagne,0.9621549248695374
0,procès,quarante,0.9618196487426758
0,procès,léopoldville,0.9617238640785217
0,procès,tournée,0.9613776206970215
0,procès,battu,0.9607473611831665
0,procès,veille,0.9607271552085876
1,procès,george,0.9972705841064453
1,procès,robot,0.9971797466278076
1,procès,trésor,0.9971244931221008
1,procès,bande,0.9966285824775696
1,procès,enseignement,0.9965983629226685
1,procès,président,0.9965593218803406
1,procès,attaché,0.9965332746505737
1,procès,intitulée,0.9964902400970459
1,procès,type,0.9964559674263
1,procès,lune,0.9964417815208435
1,procès,docteur,0.9963958263397217
1,procès,différentes,0.9963656067848206
1,procès,étude,0.996361255645752
1,procès,section,0.9963608980178833
1,procès,prince,0.9963396787643433
1,procès,etre,0.9963356256484985
1,procès,tourne,0.9963218569755554
1,procès,réalisée,0.9963216781616211
1,procès,extra,0.9963122010231018
1,procès,anastasia,0.9962936639785767
2,procès,horde,0.9980429410934448
2,procès,hlm,0.9980096220970154
2,procès,dav,0.9979318380355835
2,procès,royaume,0.9979283809661865
2,procès,bagarre,0.9978134036064148
2,procès,heinz,0.9978005290031433
2,procès,couleur,0.9977391958236694
2,procès,herbe,0.9976562261581421
2,procès,verte,0.9975587129592896
2,procès,menteuse,0.9975003004074097
2,procès,gabln,0.997493326663971
2,procès,tahiti,0.9974166750907898
2,procès,silvana,0.9973476529121399
2,procès,prack,0.9973238706588745
2,procès,erotissimo,0.9972748160362244
2,procès,rêves,0.9972624182701111
2,procès,ernest,0.997242271900177
2,procès,paolo,0.9972379803657532
2,procès,stamp,0.9972267746925354
2,procès,ave,0.9972180128097534
3,procès,second,0.9959494471549988
3,procès,cache,0.9955567717552185
3,procès,actualité,0.9953409433364868
3,procès,méthode,0.9943494200706482
3,procès,faim,0.9943090677261353
3,procès,meme,0.9942653775215149
3,procès,accent,0.9941668510437012
3,procès,aperçoit,0.9941248893737793
3,procès,affirme,0.9941220879554749
3,procès,impose,0.9940991401672363
3,procès,durée,0.9939913749694824
3,procès,triste,0.9937772154808044
3,procès,mène,0.9937087893486023
3,procès,carrière,0.993687629699707
3,procès,totale,0.9935790300369263
3,procès,regarde,0.9935176968574524
3,procès,folie,0.9934824109077454
3,procès,conclusion,0.9934597611427307
3,procès,devine,0.9934196472167969
3,procès,facile,0.993411123752594
4,procès,parlera,0.9964770674705505
4,procès,comtesse,0.9958332777023315
4,procès,satisfaction,0.9957841038703918
4,procès,comportant,0.9957252144813538
4,procès,longs,0.9956997036933899
4,procès,propre,0.9956976771354675
4,procès,dany,0.9956154227256775
4,procès,brésil,0.995603084564209
4,procès,auront,0.9955053329467773
4,procès,1953,0.995449960231781
4,procès,championne,0.9954168200492859
4,procès,146,0.9954106211662292
4,procès,age,0.9954068660736084
4,procès,favori,0.9953926801681519
4,procès,cents,0.9953332543373108
4,procès,course,0.9953330755233765
4,procès,mgr,0.9953218102455139
4,procès,historique,0.9953147768974304
4,procès,triompher,0.9953101873397827
4,procès,intitulé,0.9953039884567261
5,procès,discours,0.9963592290878296
5,procès,composée,0.9962545037269592
5,procès,ventre,0.9962377548217773
5,procès,revit,0.9962136745452881
5,procès,alerte,0.9961960315704346
5,procès,collaboration,0.9961497187614441
5,procès,étend,0.996082067489624
5,procès,séduite,0.9960411190986633
5,procès,pensées,0.995945394039154
5,procès,consécration,0.9956594109535217
5,procès,entraîné,0.9956316947937012
5,procès,bar,0.9955466985702515
5,procès,lancé,0.9955242276191711
5,procès,immeuble,0.995485246181488
5,procès,che,0.995469868183136
5,procès,examen,0.9954596161842346
5,procès,dessiné,0.9954477548599243
5,procès,accrue,0.9954412579536438
5,procès,chaleureux,0.9954341053962708
5,procès,toilettes,0.9954321980476379
0,accusation,déclarer,0.9926318526268005
0,accusation,décrit,0.9910461902618408
0,accusation,finckel,0.9908600449562073
0,accusation,cherché,0.9907612800598145
0,accusation,fixé,0.99072265625
0,accusation,claire,0.9906712174415588
0,accusation,brésilienne,0.9904877543449402
0,accusation,affirmé,0.9904255270957947
0,accusation,objectif,0.990286111831665
0,accusation,excessif,0.9897232055664062
0,accusation,rendait,0.9892479777336121
0,accusation,explication,0.9891093969345093
0,accusation,convenu,0.9890493154525757
0,accusation,révolution,0.9889995455741882
0,accusation,convaincu,0.9889066219329834
0,accusation,affirme,0.9887658953666687
0,accusation,désormais,0.9886702299118042
0,accusation,portefeuille,0.988588273525238
0,accusation,attendait,0.9885383248329163
0,accusation,revenir,0.9884781241416931
3,accusation,succession,0.9976342916488647
3,accusation,continuité,0.9976072907447815
3,accusation,embarquer,0.997560977935791
3,accusation,tempérée,0.9973375797271729
3,accusation,transparente,0.9973320364952087
3,accusation,étiquette,0.9973044991493225
3,accusation,invraisemblable,0.9972826242446899
3,accusation,tracé,0.997280478477478
3,accusation,nuage,0.9972151517868042
3,accusation,interview,0.9971908926963806
3,accusation,élection,0.9971432685852051
3,accusation,inexplicable,0.9971286058425903
3,accusation,pan,0.9970927834510803
3,accusation,accueillir,0.997072696685791
3,accusation,vend,0.997072160243988
3,accusation,reprend,0.9970272779464722
3,accusation,invasion,0.9970262050628662
3,accusation,vacher,0.9970242381095886
3,accusation,signée,0.9970239996910095
3,accusation,ouvrit,0.9970221519470215
4,accusation,scénario,0.9966492056846619
4,accusation,émotivité,0.996353805065155
4,accusation,apparition,0.9962659478187561
4,accusation,excellente,0.9961404204368591
4,accusation,restait,0.9960818886756897
4,accusation,modeste,0.9960589408874512
4,accusation,lesquels,0.9959835410118103
4,accusation,visites,0.9959357976913452
4,accusation,proie,0.9958900213241577
4,accusation,tiens,0.9958813786506653
4,accusation,due,0.9958755373954773
4,accusation,ingénu,0.9958731532096863
4,accusation,admiration,0.995851993560791
4,accusation,base,0.9958117604255676
4,accusation,acteur,0.9957922697067261
4,accusation,échapper,0.9957773685455322
4,accusation,navire,0.9957683086395264
4,accusation,serviette,0.9957556128501892
4,accusation,naturellement,0.9957242012023926
4,accusation,située,0.9957230091094971
5,accusation,clos,0.9979127049446106
5,accusation,voué,0.9977317452430725
5,accusation,ultra,0.9976981282234192
5,accusation,paupières,0.9976166486740112
5,accusation,nor,0.997589647769928
5,accusation,gazon,0.9974398016929626
5,accusation,serrée,0.9974327087402344
5,accusation,renforcer,0.9974066615104675
5,accusation,excellemment,0.997376561164856
5,accusation,abdel,0.9973753094673157
5,accusation,sinatra,0.9973524808883667
5,accusation,fêter,0.9973417520523071
5,accusation,lointaines,0.9973171353340149
5,accusation,éloges,0.997301459312439
5,accusation,conditionné,0.9972891807556152
5,accusation,résider,0.99727863073349
5,accusation,domestique,0.9972683787345886
5,accusation,jardinage,0.9972675442695618
5,accusation,lourdement,0.9972674250602722
5,accusation,loup,0.9972584247589111
0,justice,rappelé,0.9725578427314758
0,justice,information,0.9717337489128113
0,justice,présenté,0.9698408842086792
0,justice,annonce,0.9695219993591309
0,justice,parole,0.9686254262924194
0,justice,accueilli,0.9683422446250916
0,justice,rendu,0.9674891233444214
0,justice,assistait,0.966923713684082
0,justice,publié,0.9660958051681519
0,justice,ambassade,0.9655855298042297
0,justice,initiative,0.9651704430580139
0,justice,parlementaire,0.9649325013160706
0,justice,exposé,0.964859127998352
0,justice,discours,0.9640655517578125
0,justice,sénat,0.9631627202033997
0,justice,boeynants,0.9631212949752808
0,justice,examen,0.9619101881980896
0,justice,procureur,0.9617874622344971
0,justice,hommage,0.9612422585487366
0,justice,siège,0.9611431360244751
1,justice,paradis,0.996355414390564
1,justice,fonds,0.9962591528892517
1,justice,david,0.9961902499198914
1,justice,last,0.9961890578269958
1,justice,héritage,0.9961729645729065
1,justice,jules,0.9961663484573364
1,justice,metteur,0.9961384534835815
1,justice,roland,0.9960677623748779
1,justice,slavia,0.9957998991012573
1,justice,bridge,0.9957902431488037
1,justice,aus,0.9957886934280396
1,justice,blankenberge,0.9957627058029175
1,justice,commercial,0.9957563281059265
1,justice,sofia,0.9957560896873474
1,justice,portant,0.9957379698753357
1,justice,wery,0.9957177639007568
1,justice,sos,0.995686411857605
1,justice,bayer,0.9956822991371155
1,justice,lutter,0.9956796169281006
1,justice,excellents,0.9956480264663696
2,justice,fil,0.9981124401092529
2,justice,gagner,0.9980699419975281
2,justice,action,0.997758686542511
2,justice,sorciere,0.9977573752403259
2,justice,dos,0.9977524280548096
2,justice,campagne,0.9977417588233948
2,justice,tissier,0.9976820349693298
2,justice,avis,0.9976730346679688
2,justice,palmer,0.9976603388786316
2,justice,vis,0.9976297616958618
2,justice,eux,0.9976285099983215
2,justice,tres,0.99759441614151
2,justice,cest,0.9975836277008057
2,justice,hier,0.9975646138191223
2,justice,vit,0.9975574016571045
2,justice,stanley,0.9975413084030151
2,justice,grâce,0.9975336194038391
2,justice,ultra,0.9974852204322815
2,justice,rai,0.9974798560142517
2,justice,souplex,0.9974795579910278
3,justice,normal,0.9961649179458618
3,justice,ennui,0.9960272312164307
3,justice,absolument,0.9960233569145203
3,justice,accepter,0.9956991076469421
3,justice,attente,0.9954366683959961
3,justice,but,0.9953132271766663
3,justice,réellement,0.9952837824821472
3,justice,réserve,0.9951595664024353
3,justice,évidence,0.9951556921005249
3,justice,faible,0.9951318502426147
3,justice,traverse,0.9950862526893616
3,justice,folie,0.9950421452522278
3,justice,saveur,0.9950063824653625
3,justice,accord,0.9949965476989746
3,justice,répondre,0.9949812293052673
3,justice,sérieux,0.9949675798416138
3,justice,impose,0.9948546290397644
3,justice,faim,0.9948251247406006
3,justice,échappé,0.9948024749755859
3,justice,portrait,0.9947577118873596
4,justice,pâques,0.9957093596458435
4,justice,prochainement,0.9956777691841125
4,justice,ironie,0.9956327080726624
4,justice,liliane,0.9955101609230042
4,justice,toni,0.995377242565155
4,justice,course,0.9953621029853821
4,justice,1955,0.9952718615531921
4,justice,fataliste,0.9952172040939331
4,justice,lebrun,0.995202898979187
4,justice,1949,0.9951683282852173
4,justice,raisin,0.995123028755188
4,justice,burattini,0.9951133728027344
4,justice,nul,0.9950209856033325
4,justice,eglise,0.9949936866760254
4,justice,cappi,0.9949830770492554
4,justice,shakespeare,0.9949465990066528
4,justice,section,0.9949454665184021
4,justice,rétrospective,0.9949279427528381
4,justice,insolite,0.9949164986610413
4,justice,modifiant,0.9949085712432861
5,justice,épreuve,0.9952199459075928
5,justice,moitié,0.9950172305107117
5,justice,hier,0.9950000643730164
5,justice,battre,0.9949594140052795
5,justice,ile,0.9944173097610474
5,justice,pénètre,0.9942910671234131
5,justice,faveur,0.99419105052948
5,justice,menace,0.9941298365592957
5,justice,bruit,0.9941114783287048
5,justice,occupe,0.9940177798271179
5,justice,considéré,0.9939494729042053
5,justice,précis,0.9938945174217224
5,justice,finir,0.9937146902084351
5,justice,revient,0.993689239025116
5,justice,repos,0.9936803579330444
5,justice,attente,0.9936544895172119
5,justice,bateau,0.9936471581459045
5,justice,parla,0.9936422109603882
5,justice,présenter,0.9936410188674927
5,justice,créer,0.9936312437057495
0,homme,petit,0.9450927972793579
0,homme,amour,0.9415386915206909
0,homme,fille,0.9365590214729309
0,homme,fleur,0.9222734570503235
0,homme,impossible,0.9202551245689392
0,homme,père,0.9188374876976013
0,homme,mari,0.9176914691925049
0,homme,ton,0.9158778190612793
0,homme,esprit,0.914100706577301
0,homme,propre,0.9113578200340271
0,homme,livre,0.9111064672470093
0,homme,faisait,0.9103674292564392
0,homme,beau,0.9099318385124207
0,homme,jeu,0.9089357852935791
0,homme,seul,0.9079089760780334
0,homme,répondit,0.9070762991905212
0,homme,personnage,0.9068992733955383
0,homme,jeune,0.9068502187728882
0,homme,ami,0.9066556096076965
0,homme,sourire,0.9058542251586914
1,homme,histoire,0.9615362286567688
1,homme,fer,0.9579631686210632
1,homme,métiers,0.95527583360672
1,homme,animaux,0.9531372785568237
1,homme,naturelles,0.9492147564888
1,homme,premiere,0.9486707448959351
1,homme,fabeltjeskrant,0.9486556649208069
1,homme,allemand,0.9470668435096741
1,homme,reportage,0.9466413259506226
1,homme,sciences,0.946630597114563
1,homme,ouest,0.9462869167327881
1,homme,lecture,0.9457892179489136
1,homme,débat,0.9452148079872131
1,homme,écran,0.9428887367248535
1,homme,pièce,0.9428195953369141
1,homme,film,0.9424062967300415
1,homme,football,0.9420126676559448
1,homme,italiens,0.9415538907051086
1,homme,information,0.9412829875946045
1,homme,cirque,0.941241443157196
2,homme,monaco,0.9766036868095398
2,homme,nova,0.9735426902770996
2,homme,roma,0.9725483655929565
2,homme,cineac,0.9713784456253052
2,homme,novelty,0.9683407545089722
2,homme,eldo,0.9673187732696533
2,homme,hom,0.9670907258987427
2,homme,luxor,0.9663538336753845
2,homme,metro,0.9663002490997314
2,homme,pax,0.9651690721511841
2,homme,ouest,0.9639667272567749
2,homme,forest,0.9633363485336304
2,homme,amants,0.9626781344413757
2,homme,normandie,0.9622762799263
2,homme,prince,0.9616212248802185
2,homme,alfa,0.9609643220901489
2,homme,edison,0.95964115858078
2,homme,wagram,0.9595221281051636
2,homme,odeon,0.959035336971283
2,homme,riga,0.9588099122047424
3,homme,écrivain,0.9114503860473633
3,homme,mère,0.8996669054031372
3,homme,femme,0.8886740803718567
3,homme,veut,0.8882769346237183
3,homme,donner,0.8826279044151306
3,homme,secret,0.8798732757568359
3,homme,rêve,0.879288911819458
3,homme,mari,0.8785176277160645
3,homme,celui,0.8772847056388855
3,homme,devient,0.8756375312805176
3,homme,seul,0.8753443360328674
3,homme,mon,0.8750101327896118
3,homme,enfant,0.8735644221305847
3,homme,bon,0.8730543255805969
3,homme,ami,0.8725907802581787
3,homme,don,0.8720046877861023
3,homme,finit,0.8710888624191284
3,homme,écrit,0.871042788028717
3,homme,beau,0.8684055209159851
3,homme,amour,0.8682162761688232
4,homme,guerre,0.9408622980117798
4,homme,nouveau,0.9321029782295227
4,homme,lieu,0.9308441281318665
4,homme,quel,0.9284852743148804
4,homme,pendant,0.9271371960639954
4,homme,habitude,0.9266916513442993
4,homme,existe,0.9266197681427002
4,homme,fin,0.9258070588111877
4,homme,bientôt,0.9256402254104614
4,homme,quand,0.9254136681556702
4,homme,police,0.9244627356529236
4,homme,écran,0.9244451522827148
4,homme,aura,0.9243959188461304
4,homme,public,0.9243403673171997
4,homme,verre,0.9235141277313232
4,homme,air,0.9233455061912537
4,homme,question,0.9226975440979004
4,homme,couleur,0.9225090146064758
4,homme,tant,0.9224868416786194
4,homme,dans,0.9223421812057495
5,homme,cœur,0.9642820358276367
5,homme,mère,0.9539504647254944
5,homme,beau,0.9531229734420776
5,homme,coup,0.9515048861503601
5,homme,devenir,0.9442724585533142
5,homme,enfant,0.9436994194984436
5,homme,quelle,0.9429469108581543
5,homme,diable,0.9421283602714539
5,homme,personnage,0.9388755559921265
5,homme,aime,0.938572347164154
5,homme,pauvre,0.9382391571998596
5,homme,question,0.9379261136054993
5,homme,personne,0.9377681612968445
5,homme,vraiment,0.935204029083252
5,homme,jolie,0.9340814352035522
5,homme,bon,0.9337430000305176
5,homme,artiste,0.9322223663330078
5,homme,pouvait,0.9318428039550781
5,homme,allait,0.9315198063850403
5,homme,garçon,0.9314285516738892
0,musique,tragédie,0.9838792681694031
0,musique,bar,0.9835554957389832
0,musique,poche,0.9829885363578796
0,musique,vedette,0.9825710654258728
0,musique,barrière,0.9819197654724121
0,musique,formé,0.9818329811096191
0,musique,manifesté,0.9815728068351746
0,musique,donnant,0.9811643958091736
0,musique,menacé,0.9809723496437073
0,musique,interprète,0.9809316396713257
0,musique,chine,0.9808974862098694
0,musique,téléphone,0.9808726906776428
0,musique,considéré,0.9808241128921509
0,musique,tenté,0.9808178544044495
0,musique,excuse,0.9807687997817993
0,musique,grock,0.9807301759719849
0,musique,balai,0.9806325435638428
0,musique,fou,0.9806269407272339
0,musique,malheureuse,0.9806045293807983
0,musique,révolte,0.9805837869644165
1,musique,légère,0.9580345749855042
1,musique,invitation,0.9555358290672302
1,musique,variée,0.9444288015365601
1,musique,club,0.9431785941123962
1,musique,tension,0.9428409934043884
1,musique,chansons,0.9425600171089172
1,musique,univers,0.9424994587898254
1,musique,matinale,0.9424633979797363
1,musique,mélodies,0.9345455765724182
1,musique,classique,0.934145450592041
1,musique,folklore,0.9316916465759277
1,musique,vocale,0.9315320253372192
1,musique,notes,0.9311307072639465
1,musique,ancienne,0.9310663938522339
1,musique,discothèque,0.9309866428375244
1,musique,entretien,0.9308957457542419
1,musique,danse,0.9308690428733826
1,musique,jazz,0.9294437766075134
1,musique,express,0.9279595017433167
1,musique,postillon,0.9279034733772278
2,musique,présenté,0.997890055179596
2,musique,immers,0.9975929260253906
2,musique,attention,0.9975564479827881
2,musique,inoubliable,0.997517466545105
2,musique,aveo,0.9974625110626221
2,musique,rené,0.9974234104156494
2,musique,entièrement,0.9974223375320435
2,musique,ambiance,0.9974063634872437
2,musique,valent,0.9973558783531189
2,musique,grédy,0.9973362684249878
2,musique,occasion,0.9972522258758545
2,musique,berg,0.9972219467163086
2,musique,voix,0.9971615076065063
2,musique,interprète,0.9971318244934082
2,musique,roland,0.9971043467521667
2,musique,duo,0.9971034526824951
2,musique,malgré,0.9970966577529907
2,musique,shaw,0.9970288276672363
2,musique,participation,0.9970212578773499
2,musique,cadre,0.9970201849937439
3,musique,assassinat,0.9941874146461487
3,musique,marquise,0.9939678311347961
3,musique,masculine,0.993744432926178
3,musique,invitées,0.9937009811401367
3,musique,troublé,0.9936417937278748
3,musique,estorhazy,0.9932523369789124
3,musique,dune,0.9932313561439514
3,musique,choc,0.9932187795639038
3,musique,kelly,0.9930933117866516
3,musique,sélection,0.9929916262626648
3,musique,duhour,0.9929733872413635
3,musique,épiderme,0.9929376244544983
3,musique,eaubonne,0.9928650259971619
3,musique,frontière,0.9928454160690308
3,musique,fureur,0.9928140044212341
3,musique,police,0.9927644729614258
3,musique,intrigante,0.9927632808685303
3,musique,inquiet,0.9927595853805542
3,musique,gessert,0.9927375316619873
3,musique,cari,0.992709219455719
4,musique,légère,0.9773921966552734
4,musique,musiciens,0.9631547927856445
4,musique,stéréo,0.9608285427093506
4,musique,jazz,0.9547407031059265
4,musique,chambre,0.9539058208465576
4,musique,tension,0.9475966691970825
4,musique,intégrale,0.9433413147926331
4,musique,brahms,0.9421551823616028
4,musique,langue,0.9420015215873718
4,musique,mélodies,0.9409269094467163
4,musique,emissions,0.9400567412376404
4,musique,allemande,0.9394712448120117
4,musique,intermezzo,0.9394340515136719
4,musique,table,0.9393843412399292
4,musique,œuvres,0.9391602873802185
4,musique,troisième,0.9385034441947937
4,musique,postillon,0.9378818869590759
4,musique,danse,0.9374590516090393
4,musique,debussy,0.9374402165412903
4,musique,vocale,0.9371150135993958
5,musique,art,0.9640185832977295
5,musique,décor,0.9637885689735413
5,musique,large,0.9622228145599365
5,musique,américaine,0.9609864950180054
5,musique,rythme,0.9597147107124329
5,musique,disney,0.9577108025550842
5,musique,énorme,0.9574499726295471
5,musique,société,0.9562526345252991
5,musique,italien,0.9557408094406128
5,musique,xviii,0.9553159475326538
5,musique,walt,0.9549325704574585
5,musique,bal,0.9544111490249634
5,musique,sonore,0.9543351531028748
5,musique,moderne,0.9536461234092712
5,musique,thème,0.9536373019218445
5,musique,présence,0.9536193609237671
5,musique,distribution,0.9528160691261292
5,musique,artistique,0.9528135657310486
5,musique,forme,0.952500581741333
5,musique,réalisée,0.9520907402038574
0,culture,fonction,0.9857176542282104
0,culture,communauté,0.9845710396766663
0,culture,discussion,0.9845497012138367
0,culture,économie,0.984187126159668
0,culture,agglomération,0.984153151512146
0,culture,application,0.9836441278457642
0,culture,réforme,0.9834348559379578
0,culture,budget,0.9823529720306396
0,culture,inspection,0.9808959364891052
0,culture,parlement,0.9793986082077026
0,culture,fonds,0.9788647890090942
0,culture,sécurité,0.9785010814666748
0,culture,échanges,0.9782152771949768
0,culture,transports,0.9780458807945251
0,culture,comprend,0.9775124788284302
0,culture,procédure,0.9773769378662109
0,culture,com,0.9770459532737732
0,culture,bâtiments,0.9770271182060242
0,culture,dos,0.9769490957260132
0,culture,écrivains,0.9768952131271362
1,culture,lyrique,0.9593280553817749
1,culture,france,0.94089674949646
1,culture,blues,0.9383072853088379
1,culture,inter,0.9374106526374817
1,culture,jeux,0.9286354184150696
1,culture,opéra,0.9256302118301392
1,culture,culturel,0.9252102375030518
1,culture,and,0.9239347577095032
1,culture,concerts,0.9200115203857422
1,culture,entretien,0.9122215509414673
1,culture,varietes,0.9079692363739014
1,culture,radiophonique,0.905424177646637
1,culture,liberté,0.901055097579956
1,culture,festival,0.8989779353141785
1,culture,bel,0.8982527256011963
1,culture,morceaux,0.8972928524017334
1,culture,theatre,0.8964517116546631
1,culture,musicale,0.8961943984031677
1,culture,sottens,0.8958195447921753
1,culture,jazz,0.8890442252159119
3,culture,admirable,0.9949495196342468
3,culture,fols,0.9946781396865845
3,culture,émouvante,0.994376540184021
3,culture,longue,0.9943484663963318
3,culture,civilisation,0.9943453073501587
3,culture,excellente,0.993830680847168
3,culture,exceptionnelle,0.9937990307807922
3,culture,romantique,0.9935882091522217
3,culture,unité,0.9934930205345154
3,culture,leçon,0.9934744238853455
3,culture,influence,0.9933422803878784
3,culture,méthode,0.9933234453201294
3,culture,remarque,0.9932733178138733
3,culture,réflexion,0.993158757686615
3,culture,position,0.9929950833320618
3,culture,tentative,0.9929290413856506
3,culture,évocation,0.9928595423698425
3,culture,sienne,0.9928436875343323
3,culture,violente,0.9927929043769836
3,culture,ironie,0.9927510619163513
4,culture,direct,0.9773634672164917
4,culture,avignon,0.969250500202179
4,culture,france,0.9628356695175171
4,culture,livre,0.9557905197143555
4,culture,musiciens,0.9457703232765198
4,culture,jeu,0.9443978071212769
4,culture,légère,0.944317638874054
4,culture,jazz,0.9388051629066467
4,culture,radiophonique,0.9383636116981506
4,culture,tension,0.9381967782974243
4,culture,sottens,0.9379587769508362
4,culture,danse,0.9358813762664795
4,culture,mélodies,0.9344015121459961
4,culture,musique,0.930202305316925
4,culture,light,0.9300553202629089
4,culture,intermezzo,0.9300260543823242
4,culture,orgue,0.9296836256980896
4,culture,opérettes,0.9294983148574829
4,culture,folklore,0.9274911284446716
4,culture,allemande,0.9267556667327881
5,culture,médecins,0.9915876388549805
5,culture,chœurs,0.991043746471405
5,culture,enghien,0.9905728101730347
5,culture,musées,0.9905096888542175
5,culture,carnet,0.9900844097137451
5,culture,cimaises,0.9900277256965637
5,culture,foire,0.9899101853370667
5,culture,editions,0.9893063902854919
5,culture,theatre,0.9886401891708374
5,culture,recher,0.9880535006523132
5,culture,institut,0.9875682592391968
5,culture,location,0.9875510931015015
5,culture,académies,0.987394392490387
5,culture,hohner,0.9871861934661865
5,culture,régionaux,0.9871746897697449
5,culture,récollectines,0.9868528246879578
5,culture,auspices,0.9868162274360657
5,culture,voûtes,0.9867821335792542
5,culture,luxembourgeois,0.9867334961891174
5,culture,som,0.9866244792938232
0,violence,pousse,0.994422435760498
0,violence,pensé,0.9941903352737427
0,violence,accent,0.9938827157020569
0,violence,keaner,0.9936255216598511
0,violence,comprends,0.9930980205535889
0,violence,tendresse,0.9930664300918579
0,violence,égal,0.9926096200942993
0,violence,sévère,0.9925317764282227
0,violence,exige,0.9922647476196289
0,violence,passion,0.9920600652694702
0,violence,naturel,0.9917395710945129
0,violence,désir,0.9916002750396729
0,violence,fantaisie,0.9913902878761292
0,violence,réelle,0.9911920428276062
0,violence,mépris,0.9911187291145325
0,violence,mats,0.9910978078842163
0,violence,horreur,0.9910743832588196
0,violence,obstacle,0.9909997582435608
0,violence,élément,0.9909524321556091
0,violence,profond,0.9908255934715271
1,violence,annonces,0.9968685507774353
1,violence,citons,0.9968434572219849
1,violence,alimentation,0.9966751337051392
1,violence,comédiens,0.9965131282806396
1,violence,hemerijckx,0.9964885711669922
1,violence,émouvant,0.9964884519577026
1,violence,classe,0.9964487552642822
1,violence,défense,0.996431827545166
1,violence,campagne,0.996405303478241
1,violence,chargé,0.9963445067405701
1,violence,course,0.9963238835334778
1,violence,gros,0.9963158369064331
1,violence,leehner,0.9962992668151855
1,violence,manifestations,0.9962851405143738
1,violence,fixé,0.9962815046310425
1,violence,énorme,0.9962761998176575
1,violence,chère,0.9962753653526306
1,violence,quarante,0.9962646961212158
1,violence,fais,0.9962387084960938
1,violence,militaires,0.9961861371994019
2,violence,folle,0.9979704022407532
2,violence,mau,0.9977728128433228
2,violence,plumes,0.9977666139602661
2,violence,mur,0.9975826740264893
2,violence,péril,0.9975768327713013
2,violence,destin,0.9975751042366028
2,violence,cri,0.9975561499595642
2,violence,pir0n,0.9975377321243286
2,violence,emporte,0.9975336790084839
2,violence,grises,0.9975087642669678
2,violence,mogambo,0.9975041151046753
2,violence,ballon,0.997488260269165
2,violence,hulot,0.997435450553894
2,violence,angoisse,0.9973698854446411
2,violence,haie,0.9973427057266235
2,violence,abattre,0.9972858428955078
2,violence,sainte,0.997263491153717
2,violence,terreur,0.9972521662712097
2,violence,day,0.997231125831604
2,violence,docteur,0.9972310066223145
3,violence,règle,0.9965344071388245
3,violence,normal,0.9960867166519165
3,violence,continue,0.9958045482635498
3,violence,faible,0.9953242540359497
3,violence,traité,0.9952213168144226
3,violence,absolument,0.9950327277183533
3,violence,sentir,0.9949021935462952
3,violence,sérieux,0.9948484301567078
3,violence,inventé,0.9947317838668823
3,violence,physique,0.9947162866592407
3,violence,pittoresque,0.9947049021720886
3,violence,douceur,0.9946593046188354
3,violence,romantisme,0.9945470094680786
3,violence,triomphe,0.9944811463356018
3,violence,oublie,0.9944568872451782
3,violence,vanité,0.9943975210189819
3,violence,regarde,0.9943302273750305
3,violence,ennui,0.994242787361145
3,violence,but,0.9942381381988525
3,violence,danger,0.9941921234130859
4,violence,dan,0.9959245324134827
4,violence,répit,0.9959211945533752
4,violence,supplémentaire,0.9956862926483154
4,violence,dangereux,0.995677649974823
4,violence,cordy,0.9956501722335815
4,violence,sidney,0.9956311583518982
4,violence,couple,0.9954434633255005
4,violence,vis,0.9954289793968201
4,violence,spéciaux,0.9954077005386353
4,violence,commande,0.9953908920288086
4,violence,bête,0.9953688383102417
4,violence,corde,0.995343029499054
4,violence,pavés,0.9953218102455139
4,violence,béru,0.9953188300132751
4,violence,défi,0.9952882528305054
4,violence,aznavour,0.9952847957611084
4,violence,walt,0.995257556438446
4,violence,arrêt,0.9952497482299805
4,violence,destin,0.9952332377433777
4,violence,idéal,0.9952080845832825
5,violence,cirque,0.9968135356903076
5,violence,entourent,0.9966327548027039
5,violence,héritage,0.9964021444320679
5,violence,fenêtre,0.9963557720184326
5,violence,pèsent,0.9962804913520813
5,violence,révéler,0.9962104558944702
5,violence,prestige,0.996155858039856
5,violence,terrasse,0.9961442947387695
5,violence,tint,0.9961331486701965
5,violence,mesurer,0.9961174130439758
5,violence,exprime,0.9961057305335999
5,violence,magnifique,0.9960918426513672
5,violence,sacrée,0.9960759282112122
5,violence,sourcils,0.996069073677063
5,violence,ondes,0.9960566759109497
5,violence,démarche,0.9959815740585327
5,violence,chapitre,0.9959771037101746
5,violence,bonté,0.9959585070610046
5,violence,commença,0.9959461688995361
5,violence,européen,0.9959399104118347
